frame_idx,timestamp_s,subject_id,segment_state,ground_truth_label,source_relpath
0,0.0,s0001,alert,open,data/raw/mrlEyes_2018_01/s0001/s0001_02028_0_0_1_0_0_01.png
1,0.1,s0001,alert,open,data/raw/mrlEyes_2018_01/s0001/s0001_02487_0_0_1_0_0_01.png
2,0.2,s0001,alert,open,data/raw/mrlEyes_2018_01/s0001/s0001_02194_0_0_1_0_0_01.png
3,0.3,s0001,alert,open,data/raw/mrlEyes_2018_01/s0001/s0001_02568_0_1_1_2_1_01.png
4,0.4,s0001,alert,open,data/raw/mrlEyes_2018_01/s0001/s0001_01904_0_0_1_0_0_01.png
5,0.5,s0001,alert,open,data/raw/mrlEyes_2018_01/s0001/s0001_02409_0_0_1_0_0_01.png
6,0.6,s0001,alert,open,data/raw/mrlEyes_2018_01/s0001/s0001_03173_0_1_1_2_0_01.png
7,0.7,s0001,alert,open,data/raw/mrlEyes_2018_01/s0001/s0001_02874_0_1_1_0_1_01.png
8,0.8,s0001,alert,open,data/raw/mrlEyes_2018_01/s0001/s0001_02394_0_0_1_0_0_01.png
9,0.9,s0001,alert,open,data/raw/mrlEyes_2018_01/s0001/s0001_02816_0_1_1_0_0_01.png
10,1.0,s0001,alert,open,data/raw/mrlEyes_2018_01/s0001/s0001_01909_0_0_1_0_0_01.png
11,1.1,s0001,alert,open,data/raw/mrlEyes_2018_01/s0001/s0001_02750_0_1_1_2_0_01.png
12,1.2,s0001,alert,open,data/raw/mrlEyes_2018_01/s0001/s0001_02785_0_1_1_2_0_01.png
13,1.3,s0001,alert,open,data/raw/mrlEyes_2018_01/s0001/s0001_02099_0_0_1_0_0_01.png
14,1.4,s0001,alert,open,data/raw/mrlEyes_2018_01/s0001/s0001_01977_0_0_1_0_0_01.png
15,1.5,s0001,alert,open,data/raw/mrlEyes_2018_01/s0001/s0001_03180_0_1_1_2_0_01.png
16,1.6,s0001,alert,open,data/raw/mrlEyes_2018_01/s0001/s0001_02346_0_0_1_0_0_01.png
17,1.7,s0001,alert,open,data/raw/mrlEyes_2018_01/s0001/s0001_02405_0_0_1_0_0_01.png
18,1.8,s0001,alert,open,data/raw/mrlEyes_2018_01/s0001/s0001_02063_0_0_1_0_0_01.png
19,1.9,s0001,alert,open,data/raw/mrlEyes_2018_01/s0001/s0001_02435_0_0_1_0_0_01.png
20,2.0,s0001,alert,open,data/raw/mrlEyes_2018_01/s0001/s0001_03034_0_1_1_2_0_01.png
21,2.1,s0001,alert,open,data/raw/mrlEyes_2018_01/s0001/s0001_03110_0_1_1_2_0_01.png
22,2.2,s0001,alert,open,data/raw/mrlEyes_2018_01/s0001/s0001_02875_0_1_1_0_1_01.png
23,2.3,s0001,alert,open,data/raw/mrlEyes_2018_01/s0001/s0001_03235_0_1_1_2_0_01.png
24,2.4,s0001,alert,open,data/raw/mrlEyes_2018_01/s0001/s0001_03152_0_1_1_2_0_01.png
25,2.5,s0001,alert,open,data/raw/mrlEyes_2018_01/s0001/s0001_02456_0_0_1_0_0_01.png
26,2.6,s0001,alert,open,data/raw/mrlEyes_2018_01/s0001/s0001_02471_0_0_1_0_0_01.png
27,2.7,s0001,alert,open,data/raw/mrlEyes_2018_01/s0001/s0001_02193_0_0_1_0_0_01.png
28,2.8,s0001,alert,open,data/raw/mrlEyes_2018_01/s0001/s0001_03190_0_1_1_2_0_01.png
29,2.9,s0001,alert,open,data/raw/mrlEyes_2018_01/s0001/s0001_03058_0_1_1_2_0_01.png
30,3.0,s0001,alert,open,data/raw/mrlEyes_2018_01/s0001/s0001_02096_0_0_1_0_0_01.png
31,3.1,s0001,alert,open,data/raw/mrlEyes_2018_01/s0001/s0001_02139_0_0_1_0_0_01.png
32,3.2,s0001,alert,open,data/raw/mrlEyes_2018_01/s0001/s0001_02599_0_1_1_0_0_01.png
33,3.3,s0001,alert,open,data/raw/mrlEyes_2018_01/s0001/s0001_02626_0_1_1_2_0_01.png
34,3.4,s0001,alert,open,data/raw/mrlEyes_2018_01/s0001/s0001_01881_0_0_1_0_0_01.png
35,3.5,s0001,alert,open,data/raw/mrlEyes_2018_01/s0001/s0001_02408_0_0_1_0_0_01.png
36,3.6,s0001,alert,open,data/raw/mrlEyes_2018_01/s0001/s0001_01996_0_0_1_0_0_01.png
37,3.7,s0001,alert,open,data/raw/mrlEyes_2018_01/s0001/s0001_02821_0_1_1_0_1_01.png
38,3.8,s0001,alert,open,data/raw/mrlEyes_2018_01/s0001/s0001_02868_0_1_1_2_0_01.png
39,3.9,s0001,alert,open,data/raw/mrlEyes_2018_01/s0001/s0001_02701_0_1_1_2_0_01.png
40,4.0,s0001,alert,open,data/raw/mrlEyes_2018_01/s0001/s0001_02713_0_1_1_0_0_01.png
41,4.1,s0001,alert,open,data/raw/mrlEyes_2018_01/s0001/s0001_02735_0_1_1_2_0_01.png
42,4.2,s0001,alert,open,data/raw/mrlEyes_2018_01/s0001/s0001_01935_0_0_1_0_0_01.png
43,4.3,s0001,alert,open,data/raw/mrlEyes_2018_01/s0001/s0001_02417_0_0_1_0_0_01.png
44,4.4,s0001,alert,open,data/raw/mrlEyes_2018_01/s0001/s0001_02924_0_1_1_2_0_01.png
45,4.5,s0001,alert,open,data/raw/mrlEyes_2018_01/s0001/s0001_02464_0_0_1_0_0_01.png
46,4.6,s0001,alert,open,data/raw/mrlEyes_2018_01/s0001/s0001_03139_0_1_1_0_0_01.png
47,4.7,s0001,alert,open,data/raw/mrlEyes_2018_01/s0001/s0001_03153_0_1_1_2_0_01.png
48,4.8,s0001,alert,open,data/raw/mrlEyes_2018_01/s0001/s0001_03067_0_1_1_2_0_01.png
49,4.9,s0001,alert,open,data/raw/mrlEyes_2018_01/s0001/s0001_02056_0_0_1_0_0_01.png
50,5.0,s0001,blink,closed,data/raw/mrlEyes_2018_01/s0001/s0001_00679_0_0_0_0_0_01.png
51,5.1,s0001,blink,closed,data/raw/mrlEyes_2018_01/s0001/s0001_00700_0_0_0_0_0_01.png
52,5.2,s0001,alert,open,data/raw/mrlEyes_2018_01/s0001/s0001_02623_0_1_1_0_0_01.png
53,5.3,s0001,alert,open,data/raw/mrlEyes_2018_01/s0001/s0001_02187_0_0_1_0_0_01.png
54,5.4,s0001,alert,open,data/raw/mrlEyes_2018_01/s0001/s0001_02991_0_1_1_2_0_01.png
55,5.5,s0001,alert,open,data/raw/mrlEyes_2018_01/s0001/s0001_01927_0_0_1_0_0_01.png
56,5.6,s0001,alert,open,data/raw/mrlEyes_2018_01/s0001/s0001_02206_0_0_1_0_0_01.png
57,5.7,s0001,alert,open,data/raw/mrlEyes_2018_01/s0001/s0001_02981_0_1_1_2_0_01.png
58,5.8,s0001,alert,open,data/raw/mrlEyes_2018_01/s0001/s0001_02173_0_0_1_0_0_01.png
59,5.9,s0001,alert,open,data/raw/mrlEyes_2018_01/s0001/s0001_03136_0_1_1_2_0_01.png
60,6.0,s0001,alert,open,data/raw/mrlEyes_2018_01/s0001/s0001_02433_0_0_1_0_0_01.png
61,6.1,s0001,alert,open,data/raw/mrlEyes_2018_01/s0001/s0001_02188_0_0_1_0_0_01.png
62,6.2,s0001,alert,open,data/raw/mrlEyes_2018_01/s0001/s0001_02544_0_0_1_0_0_01.png
63,6.3,s0001,alert,open,data/raw/mrlEyes_2018_01/s0001/s0001_02096_0_0_1_0_0_01.png
64,6.4,s0001,alert,open,data/raw/mrlEyes_2018_01/s0001/s0001_02272_0_0_1_0_0_01.png
65,6.5,s0001,alert,open,data/raw/mrlEyes_2018_01/s0001/s0001_03045_0_1_1_2_0_01.png
66,6.6,s0001,alert,open,data/raw/mrlEyes_2018_01/s0001/s0001_03079_0_1_1_2_0_01.png
67,6.7,s0001,alert,open,data/raw/mrlEyes_2018_01/s0001/s0001_02990_0_1_1_2_0_01.png
68,6.8,s0001,alert,open,data/raw/mrlEyes_2018_01/s0001/s0001_02002_0_0_1_0_0_01.png
69,6.9,s0001,alert,open,data/raw/mrlEyes_2018_01/s0001/s0001_02850_0_1_1_2_0_01.png
70,7.0,s0001,alert,open,data/raw/mrlEyes_2018_01/s0001/s0001_02230_0_0_1_0_0_01.png
71,7.1,s0001,alert,open,data/raw/mrlEyes_2018_01/s0001/s0001_03122_0_1_1_0_0_01.png
72,7.2,s0001,alert,open,data/raw/mrlEyes_2018_01/s0001/s0001_02484_0_0_1_0_0_01.png
73,7.3,s0001,alert,open,data/raw/mrlEyes_2018_01/s0001/s0001_02806_0_1_1_2_0_01.png
74,7.4,s0001,alert,open,data/raw/mrlEyes_2018_01/s0001/s0001_02810_0_1_1_0_0_01.png
75,7.5,s0001,alert,open,data/raw/mrlEyes_2018_01/s0001/s0001_02637_0_1_1_0_0_01.png
76,7.6,s0001,alert,open,data/raw/mrlEyes_2018_01/s0001/s0001_02396_0_0_1_0_0_01.png
77,7.7,s0001,alert,open,data/raw/mrlEyes_2018_01/s0001/s0001_01913_0_0_1_0_0_01.png
78,7.8,s0001,alert,open,data/raw/mrlEyes_2018_01/s0001/s0001_02733_0_1_1_2_0_01.png
79,7.9,s0001,alert,open,data/raw/mrlEyes_2018_01/s0001/s0001_02971_0_1_1_2_0_01.png
80,8.0,s0001,alert,open,data/raw/mrlEyes_2018_01/s0001/s0001_02410_0_0_1_0_0_01.png
81,8.1,s0001,alert,open,data/raw/mrlEyes_2018_01/s0001/s0001_03180_0_1_1_2_0_01.png
82,8.2,s0001,blink,closed,data/raw/mrlEyes_2018_01/s0001/s0001_01396_0_1_0_2_0_01.png
83,8.3,s0001,blink,closed,data/raw/mrlEyes_2018_01/s0001/s0001_01653_0_1_0_2_0_01.png
84,8.4,s0001,alert,open,data/raw/mrlEyes_2018_01/s0001/s0001_03100_0_1_1_2_0_01.png
85,8.5,s0001,alert,open,data/raw/mrlEyes_2018_01/s0001/s0001_03079_0_1_1_2_0_01.png
86,8.6,s0001,alert,open,data/raw/mrlEyes_2018_01/s0001/s0001_01951_0_0_1_0_0_01.png
87,8.7,s0001,alert,open,data/raw/mrlEyes_2018_01/s0001/s0001_02492_0_0_1_0_0_01.png
88,8.8,s0001,alert,open,data/raw/mrlEyes_2018_01/s0001/s0001_02563_0_1_1_0_0_01.png
89,8.9,s0001,alert,open,data/raw/mrlEyes_2018_01/s0001/s0001_02179_0_0_1_0_0_01.png
90,9.0,s0001,alert,open,data/raw/mrlEyes_2018_01/s0001/s0001_02021_0_0_1_0_0_01.png
91,9.1,s0001,alert,open,data/raw/mrlEyes_2018_01/s0001/s0001_02009_0_0_1_0_0_01.png
92,9.2,s0001,alert,open,data/raw/mrlEyes_2018_01/s0001/s0001_02016_0_0_1_0_0_01.png
93,9.3,s0001,alert,open,data/raw/mrlEyes_2018_01/s0001/s0001_02719_0_1_1_2_0_01.png
94,9.4,s0001,alert,open,data/raw/mrlEyes_2018_01/s0001/s0001_02487_0_0_1_0_0_01.png
95,9.5,s0001,alert,open,data/raw/mrlEyes_2018_01/s0001/s0001_02927_0_1_1_1_0_01.png
96,9.6,s0001,alert,open,data/raw/mrlEyes_2018_01/s0001/s0001_02305_0_0_1_0_0_01.png
97,9.7,s0001,alert,open,data/raw/mrlEyes_2018_01/s0001/s0001_02575_0_1_1_1_1_01.png
98,9.8,s0001,alert,open,data/raw/mrlEyes_2018_01/s0001/s0001_03166_0_1_1_2_0_01.png
99,9.9,s0001,alert,open,data/raw/mrlEyes_2018_01/s0001/s0001_02343_0_0_1_0_0_01.png
100,10.0,s0001,alert,open,data/raw/mrlEyes_2018_01/s0001/s0001_02602_0_1_1_0_0_01.png
101,10.1,s0001,alert,open,data/raw/mrlEyes_2018_01/s0001/s0001_01920_0_0_1_0_0_01.png
102,10.2,s0001,alert,open,data/raw/mrlEyes_2018_01/s0001/s0001_02057_0_0_1_0_0_01.png
103,10.3,s0001,alert,open,data/raw/mrlEyes_2018_01/s0001/s0001_03202_0_1_1_0_0_01.png
104,10.4,s0001,blink,closed,data/raw/mrlEyes_2018_01/s0001/s0001_00804_0_0_0_0_0_01.png
105,10.5,s0001,blink,closed,data/raw/mrlEyes_2018_01/s0001/s0001_01679_0_1_0_0_1_01.png
106,10.6,s0001,blink,closed,data/raw/mrlEyes_2018_01/s0001/s0001_01837_0_1_0_0_0_01.png
107,10.7,s0001,alert,open,data/raw/mrlEyes_2018_01/s0001/s0001_02927_0_1_1_1_0_01.png
108,10.8,s0001,alert,open,data/raw/mrlEyes_2018_01/s0001/s0001_02656_0_1_1_2_0_01.png
109,10.9,s0001,alert,open,data/raw/mrlEyes_2018_01/s0001/s0001_02174_0_0_1_0_0_01.png
110,11.0,s0001,alert,open,data/raw/mrlEyes_2018_01/s0001/s0001_01982_0_0_1_0_0_01.png
111,11.1,s0001,alert,open,data/raw/mrlEyes_2018_01/s0001/s0001_02575_0_1_1_1_1_01.png
112,11.2,s0001,alert,open,data/raw/mrlEyes_2018_01/s0001/s0001_02609_0_1_1_0_0_01.png
113,11.3,s0001,alert,open,data/raw/mrlEyes_2018_01/s0001/s0001_02562_0_1_1_0_0_01.png
114,11.4,s0001,alert,open,data/raw/mrlEyes_2018_01/s0001/s0001_02774_0_1_1_2_0_01.png
115,11.5,s0001,alert,open,data/raw/mrlEyes_2018_01/s0001/s0001_01862_0_0_1_0_0_01.png
116,11.6,s0001,alert,open,data/raw/mrlEyes_2018_01/s0001/s0001_03009_0_1_1_2_0_01.png
117,11.7,s0001,alert,open,data/raw/mrlEyes_2018_01/s0001/s0001_02962_0_1_1_2_0_01.png
118,11.8,s0001,alert,open,data/raw/mrlEyes_2018_01/s0001/s0001_02236_0_0_1_0_0_01.png
119,11.9,s0001,alert,open,data/raw/mrlEyes_2018_01/s0001/s0001_02425_0_0_1_0_0_01.png
120,12.0,s0001,alert,open,data/raw/mrlEyes_2018_01/s0001/s0001_02846_0_1_1_2_0_01.png
121,12.1,s0001,alert,open,data/raw/mrlEyes_2018_01/s0001/s0001_02803_0_1_1_2_0_01.png
122,12.2,s0001,alert,open,data/raw/mrlEyes_2018_01/s0001/s0001_02262_0_0_1_0_0_01.png
123,12.3,s0001,alert,open,data/raw/mrlEyes_2018_01/s0001/s0001_02938_0_1_1_2_0_01.png
124,12.4,s0001,alert,open,data/raw/mrlEyes_2018_01/s0001/s0001_03020_0_1_1_2_0_01.png
125,12.5,s0001,alert,open,data/raw/mrlEyes_2018_01/s0001/s0001_02019_0_0_1_0_0_01.png
126,12.6,s0001,alert,open,data/raw/mrlEyes_2018_01/s0001/s0001_02137_0_0_1_0_0_01.png
127,12.7,s0001,alert,open,data/raw/mrlEyes_2018_01/s0001/s0001_02325_0_0_1_0_0_01.png
128,12.8,s0001,alert,open,data/raw/mrlEyes_2018_01/s0001/s0001_02099_0_0_1_0_0_01.png
129,12.9,s0001,alert,open,data/raw/mrlEyes_2018_01/s0001/s0001_02428_0_0_1_0_0_01.png
130,13.0,s0001,alert,open,data/raw/mrlEyes_2018_01/s0001/s0001_01853_0_0_1_0_0_01.png
131,13.1,s0001,alert,open,data/raw/mrlEyes_2018_01/s0001/s0001_02111_0_0_1_0_0_01.png
132,13.2,s0001,alert,open,data/raw/mrlEyes_2018_01/s0001/s0001_02823_0_1_1_0_1_01.png
133,13.3,s0001,alert,open,data/raw/mrlEyes_2018_01/s0001/s0001_03007_0_1_1_2_0_01.png
134,13.4,s0001,alert,open,data/raw/mrlEyes_2018_01/s0001/s0001_02779_0_1_1_2_0_01.png
135,13.5,s0001,alert,open,data/raw/mrlEyes_2018_01/s0001/s0001_01843_0_0_1_0_0_01.png
136,13.6,s0001,alert,open,data/raw/mrlEyes_2018_01/s0001/s0001_02963_0_1_1_2_0_01.png
137,13.7,s0001,alert,open,data/raw/mrlEyes_2018_01/s0001/s0001_02775_0_1_1_0_0_01.png
138,13.8,s0001,alert,open,data/raw/mrlEyes_2018_01/s0001/s0001_01910_0_0_1_0_0_01.png
139,13.9,s0001,alert,open,data/raw/mrlEyes_2018_01/s0001/s0001_02468_0_0_1_0_0_01.png
140,14.0,s0001,alert,open,data/raw/mrlEyes_2018_01/s0001/s0001_02914_0_1_1_2_0_01.png
141,14.1,s0001,alert,open,data/raw/mrlEyes_2018_01/s0001/s0001_02499_0_0_1_0_0_01.png
142,14.2,s0001,alert,open,data/raw/mrlEyes_2018_01/s0001/s0001_02646_0_1_1_0_0_01.png
143,14.3,s0001,alert,open,data/raw/mrlEyes_2018_01/s0001/s0001_03059_0_1_1_2_0_01.png
144,14.4,s0001,alert,open,data/raw/mrlEyes_2018_01/s0001/s0001_02273_0_0_1_0_0_01.png
145,14.5,s0001,alert,open,data/raw/mrlEyes_2018_01/s0001/s0001_03097_0_1_1_2_0_01.png
146,14.6,s0001,alert,open,data/raw/mrlEyes_2018_01/s0001/s0001_03219_0_1_1_2_0_01.png
147,14.7,s0001,microsleep,closed,data/raw/mrlEyes_2018_01/s0001/s0001_00574_0_0_0_0_0_01.png
148,14.8,s0001,microsleep,closed,data/raw/mrlEyes_2018_01/s0001/s0001_00020_0_0_0_0_0_01.png
149,14.9,s0001,microsleep,closed,data/raw/mrlEyes_2018_01/s0001/s0001_00560_0_0_0_0_0_01.png
150,15.0,s0001,microsleep,closed,data/raw/mrlEyes_2018_01/s0001/s0001_01039_0_1_0_2_1_01.png
151,15.1,s0001,microsleep,closed,data/raw/mrlEyes_2018_01/s0001/s0001_00188_0_0_0_0_0_01.png
152,15.2,s0001,microsleep,closed,data/raw/mrlEyes_2018_01/s0001/s0001_01113_0_1_0_2_0_01.png
153,15.3,s0001,microsleep,closed,data/raw/mrlEyes_2018_01/s0001/s0001_01088_0_1_0_2_0_01.png
154,15.4,s0001,microsleep,closed,data/raw/mrlEyes_2018_01/s0001/s0001_00229_0_0_0_0_0_01.png
155,15.5,s0001,microsleep,closed,data/raw/mrlEyes_2018_01/s0001/s0001_01124_0_1_0_2_0_01.png
156,15.6,s0001,microsleep,closed,data/raw/mrlEyes_2018_01/s0001/s0001_00651_0_0_0_0_0_01.png
157,15.7,s0001,microsleep,closed,data/raw/mrlEyes_2018_01/s0001/s0001_01521_0_1_0_0_0_01.png
158,15.8,s0001,microsleep,closed,data/raw/mrlEyes_2018_01/s0001/s0001_01403_0_1_0_2_0_01.png
159,15.9,s0001,microsleep,closed,data/raw/mrlEyes_2018_01/s0001/s0001_00748_0_0_0_0_0_01.png
160,16.0,s0001,microsleep,closed,data/raw/mrlEyes_2018_01/s0001/s0001_01708_0_1_0_0_0_01.png
161,16.1,s0001,microsleep,closed,data/raw/mrlEyes_2018_01/s0001/s0001_00924_0_1_0_2_0_01.png
162,16.2,s0001,microsleep,closed,data/raw/mrlEyes_2018_01/s0001/s0001_00066_0_0_0_0_0_01.png
163,16.3,s0001,microsleep,closed,data/raw/mrlEyes_2018_01/s0001/s0001_00027_0_0_0_0_0_01.png
164,16.4,s0001,microsleep,closed,data/raw/mrlEyes_2018_01/s0001/s0001_01779_0_1_0_2_0_01.png
165,16.5,s0001,microsleep,closed,data/raw/mrlEyes_2018_01/s0001/s0001_01180_0_1_0_2_0_01.png
166,16.6,s0001,microsleep,closed,data/raw/mrlEyes_2018_01/s0001/s0001_00388_0_0_0_0_0_01.png
167,16.7,s0001,microsleep,closed,data/raw/mrlEyes_2018_01/s0001/s0001_00868_0_0_0_0_0_01.png
168,16.8,s0001,microsleep,closed,data/raw/mrlEyes_2018_01/s0001/s0001_01289_0_1_0_2_0_01.png
169,16.9,s0001,microsleep,closed,data/raw/mrlEyes_2018_01/s0001/s0001_01206_0_1_0_2_0_01.png
170,17.0,s0001,microsleep,closed,data/raw/mrlEyes_2018_01/s0001/s0001_00583_0_0_0_0_0_01.png
171,17.1,s0001,microsleep,closed,data/raw/mrlEyes_2018_01/s0001/s0001_00952_0_1_0_2_0_01.png
172,17.2,s0001,alert,open,data/raw/mrlEyes_2018_01/s0001/s0001_02086_0_0_1_0_0_01.png
173,17.3,s0001,alert,open,data/raw/mrlEyes_2018_01/s0001/s0001_02091_0_0_1_0_0_01.png
174,17.4,s0001,alert,open,data/raw/mrlEyes_2018_01/s0001/s0001_02919_0_1_1_0_0_01.png
175,17.5,s0001,alert,open,data/raw/mrlEyes_2018_01/s0001/s0001_02537_0_0_1_0_0_01.png
176,17.6,s0001,alert,open,data/raw/mrlEyes_2018_01/s0001/s0001_03030_0_1_1_2_0_01.png
177,17.7,s0001,alert,open,data/raw/mrlEyes_2018_01/s0001/s0001_02624_0_1_1_0_0_01.png
178,17.8,s0001,alert,open,data/raw/mrlEyes_2018_01/s0001/s0001_03048_0_1_1_2_0_01.png
179,17.9,s0001,alert,open,data/raw/mrlEyes_2018_01/s0001/s0001_02174_0_0_1_0_0_01.png
180,18.0,s0001,alert,open,data/raw/mrlEyes_2018_01/s0001/s0001_03082_0_1_1_2_0_01.png
181,18.1,s0001,alert,open,data/raw/mrlEyes_2018_01/s0001/s0001_02156_0_0_1_0_0_01.png
182,18.2,s0001,alert,open,data/raw/mrlEyes_2018_01/s0001/s0001_02995_0_1_1_2_0_01.png
183,18.3,s0001,alert,open,data/raw/mrlEyes_2018_01/s0001/s0001_02553_0_1_1_0_0_01.png
184,18.4,s0001,alert,open,data/raw/mrlEyes_2018_01/s0001/s0001_02714_0_1_1_0_0_01.png
185,18.5,s0001,alert,open,data/raw/mrlEyes_2018_01/s0001/s0001_02721_0_1_1_2_0_01.png
186,18.6,s0001,alert,open,data/raw/mrlEyes_2018_01/s0001/s0001_02908_0_1_1_0_0_01.png
187,18.7,s0001,alert,open,data/raw/mrlEyes_2018_01/s0001/s0001_02202_0_0_1_0_0_01.png
188,18.8,s0001,alert,open,data/raw/mrlEyes_2018_01/s0001/s0001_02117_0_0_1_0_0_01.png
189,18.9,s0001,alert,open,data/raw/mrlEyes_2018_01/s0001/s0001_02892_0_1_1_0_1_01.png
190,19.0,s0001,alert,open,data/raw/mrlEyes_2018_01/s0001/s0001_02224_0_0_1_0_0_01.png
191,19.1,s0001,alert,open,data/raw/mrlEyes_2018_01/s0001/s0001_02021_0_0_1_0_0_01.png
192,19.2,s0001,alert,open,data/raw/mrlEyes_2018_01/s0001/s0001_03194_0_1_1_0_0_01.png
193,19.3,s0001,alert,open,data/raw/mrlEyes_2018_01/s0001/s0001_02741_0_1_1_2_0_01.png
194,19.4,s0001,alert,open,data/raw/mrlEyes_2018_01/s0001/s0001_03155_0_1_1_2_0_01.png
195,19.5,s0001,alert,open,data/raw/mrlEyes_2018_01/s0001/s0001_02673_0_1_1_2_0_01.png
196,19.6,s0001,alert,open,data/raw/mrlEyes_2018_01/s0001/s0001_01897_0_0_1_0_0_01.png
197,19.7,s0001,alert,open,data/raw/mrlEyes_2018_01/s0001/s0001_02690_0_1_1_0_0_01.png
198,19.8,s0001,alert,open,data/raw/mrlEyes_2018_01/s0001/s0001_02024_0_0_1_0_0_01.png
199,19.9,s0001,alert,open,data/raw/mrlEyes_2018_01/s0001/s0001_02692_0_1_1_2_0_01.png
200,20.0,s0001,alert,open,data/raw/mrlEyes_2018_01/s0001/s0001_02895_0_1_1_0_0_01.png
201,20.1,s0001,alert,open,data/raw/mrlEyes_2018_01/s0001/s0001_02732_0_1_1_2_0_01.png
202,20.2,s0001,blink,closed,data/raw/mrlEyes_2018_01/s0001/s0001_01708_0_1_0_0_0_01.png
203,20.3,s0001,blink,closed,data/raw/mrlEyes_2018_01/s0001/s0001_00264_0_0_0_0_0_01.png
204,20.4,s0001,alert,open,data/raw/mrlEyes_2018_01/s0001/s0001_03050_0_1_1_2_0_01.png
205,20.5,s0001,alert,open,data/raw/mrlEyes_2018_01/s0001/s0001_02632_0_1_1_2_0_01.png
206,20.6,s0001,alert,open,data/raw/mrlEyes_2018_01/s0001/s0001_03003_0_1_1_2_0_01.png
207,20.7,s0001,alert,open,data/raw/mrlEyes_2018_01/s0001/s0001_02912_0_1_1_0_0_01.png
208,20.8,s0001,alert,open,data/raw/mrlEyes_2018_01/s0001/s0001_01892_0_0_1_0_0_01.png
209,20.9,s0001,alert,open,data/raw/mrlEyes_2018_01/s0001/s0001_01966_0_0_1_0_0_01.png
210,21.0,s0001,alert,open,data/raw/mrlEyes_2018_01/s0001/s0001_02251_0_0_1_0_0_01.png
211,21.1,s0001,alert,open,data/raw/mrlEyes_2018_01/s0001/s0001_02893_0_1_1_0_1_01.png
212,21.2,s0001,alert,open,data/raw/mrlEyes_2018_01/s0001/s0001_02992_0_1_1_2_0_01.png
213,21.3,s0001,alert,open,data/raw/mrlEyes_2018_01/s0001/s0001_02613_0_1_1_2_0_01.png
214,21.4,s0001,alert,open,data/raw/mrlEyes_2018_01/s0001/s0001_02294_0_0_1_0_0_01.png
215,21.5,s0001,alert,open,data/raw/mrlEyes_2018_01/s0001/s0001_03019_0_1_1_2_0_01.png
216,21.6,s0001,alert,open,data/raw/mrlEyes_2018_01/s0001/s0001_03123_0_1_1_2_0_01.png
217,21.7,s0001,alert,open,data/raw/mrlEyes_2018_01/s0001/s0001_01912_0_0_1_0_0_01.png
218,21.8,s0001,alert,open,data/raw/mrlEyes_2018_01/s0001/s0001_02206_0_0_1_0_0_01.png
219,21.9,s0001,alert,open,data/raw/mrlEyes_2018_01/s0001/s0001_03071_0_1_1_2_0_01.png
220,22.0,s0001,alert,open,data/raw/mrlEyes_2018_01/s0001/s0001_02411_0_0_1_0_0_01.png
221,22.1,s0001,alert,open,data/raw/mrlEyes_2018_01/s0001/s0001_02324_0_0_1_0_0_01.png
222,22.2,s0001,alert,open,data/raw/mrlEyes_2018_01/s0001/s0001_02784_0_1_1_2_0_01.png
223,22.3,s0001,alert,open,data/raw/mrlEyes_2018_01/s0001/s0001_02864_0_1_1_0_0_01.png
224,22.4,s0001,microsleep,closed,data/raw/mrlEyes_2018_01/s0001/s0001_01785_0_1_0_2_0_01.png
225,22.5,s0001,microsleep,closed,data/raw/mrlEyes_2018_01/s0001/s0001_00134_0_0_0_0_0_01.png
226,22.6,s0001,microsleep,closed,data/raw/mrlEyes_2018_01/s0001/s0001_01001_0_1_0_2_0_01.png
227,22.7,s0001,microsleep,closed,data/raw/mrlEyes_2018_01/s0001/s0001_00737_0_0_0_0_0_01.png
228,22.8,s0001,microsleep,closed,data/raw/mrlEyes_2018_01/s0001/s0001_00024_0_0_0_0_0_01.png
229,22.9,s0001,microsleep,closed,data/raw/mrlEyes_2018_01/s0001/s0001_01623_0_1_0_0_0_01.png
230,23.0,s0001,microsleep,closed,data/raw/mrlEyes_2018_01/s0001/s0001_00267_0_0_0_0_0_01.png
231,23.1,s0001,microsleep,closed,data/raw/mrlEyes_2018_01/s0001/s0001_00249_0_0_0_0_0_01.png
232,23.2,s0001,microsleep,closed,data/raw/mrlEyes_2018_01/s0001/s0001_00856_0_0_0_0_0_01.png
233,23.3,s0001,microsleep,closed,data/raw/mrlEyes_2018_01/s0001/s0001_00740_0_0_0_0_0_01.png
234,23.4,s0001,microsleep,closed,data/raw/mrlEyes_2018_01/s0001/s0001_00916_0_0_0_0_0_01.png
235,23.5,s0001,microsleep,closed,data/raw/mrlEyes_2018_01/s0001/s0001_00855_0_0_0_0_0_01.png
236,23.6,s0001,microsleep,closed,data/raw/mrlEyes_2018_01/s0001/s0001_01390_0_1_0_2_0_01.png
237,23.7,s0001,microsleep,closed,data/raw/mrlEyes_2018_01/s0001/s0001_00904_0_0_0_0_0_01.png
238,23.8,s0001,microsleep,closed,data/raw/mrlEyes_2018_01/s0001/s0001_01721_0_1_0_2_0_01.png
239,23.9,s0001,microsleep,closed,data/raw/mrlEyes_2018_01/s0001/s0001_01712_0_1_0_2_0_01.png
240,24.0,s0001,microsleep,closed,data/raw/mrlEyes_2018_01/s0001/s0001_00790_0_0_0_0_0_01.png
241,24.1,s0001,microsleep,closed,data/raw/mrlEyes_2018_01/s0001/s0001_00966_0_1_0_2_0_01.png
242,24.2,s0001,microsleep,closed,data/raw/mrlEyes_2018_01/s0001/s0001_00383_0_0_0_0_1_01.png
243,24.3,s0001,microsleep,closed,data/raw/mrlEyes_2018_01/s0001/s0001_01307_0_1_0_0_0_01.png
244,24.4,s0001,microsleep,closed,data/raw/mrlEyes_2018_01/s0001/s0001_01181_0_1_0_2_0_01.png
245,24.5,s0001,microsleep,closed,data/raw/mrlEyes_2018_01/s0001/s0001_01792_0_1_0_1_1_01.png
246,24.6,s0001,microsleep,closed,data/raw/mrlEyes_2018_01/s0001/s0001_00236_0_0_0_0_0_01.png
247,24.7,s0001,microsleep,closed,data/raw/mrlEyes_2018_01/s0001/s0001_00374_0_0_0_0_0_01.png
248,24.8,s0001,microsleep,closed,data/raw/mrlEyes_2018_01/s0001/s0001_01232_0_1_0_0_0_01.png
249,24.9,s0001,microsleep,closed,data/raw/mrlEyes_2018_01/s0001/s0001_01130_0_1_0_2_0_01.png
250,25.0,s0001,microsleep,closed,data/raw/mrlEyes_2018_01/s0001/s0001_01296_0_1_0_2_0_01.png
251,25.1,s0001,microsleep,closed,data/raw/mrlEyes_2018_01/s0001/s0001_00210_0_0_0_0_0_01.png
252,25.2,s0001,microsleep,closed,data/raw/mrlEyes_2018_01/s0001/s0001_01800_0_1_0_0_0_01.png
253,25.3,s0001,microsleep,closed,data/raw/mrlEyes_2018_01/s0001/s0001_00196_0_0_0_0_0_01.png
254,25.4,s0001,alert,open,data/raw/mrlEyes_2018_01/s0001/s0001_03071_0_1_1_2_0_01.png
255,25.5,s0001,alert,open,data/raw/mrlEyes_2018_01/s0001/s0001_03146_0_1_1_2_0_01.png
256,25.6,s0001,alert,open,data/raw/mrlEyes_2018_01/s0001/s0001_01974_0_0_1_0_0_01.png
257,25.7,s0001,alert,open,data/raw/mrlEyes_2018_01/s0001/s0001_02716_0_1_1_2_0_01.png
258,25.8,s0001,alert,open,data/raw/mrlEyes_2018_01/s0001/s0001_02418_0_0_1_0_0_01.png
259,25.9,s0001,alert,open,data/raw/mrlEyes_2018_01/s0001/s0001_02012_0_0_1_0_0_01.png
260,26.0,s0001,alert,open,data/raw/mrlEyes_2018_01/s0001/s0001_03130_0_1_1_2_0_01.png
261,26.1,s0001,alert,open,data/raw/mrlEyes_2018_01/s0001/s0001_03051_0_1_1_2_0_01.png
262,26.2,s0001,alert,open,data/raw/mrlEyes_2018_01/s0001/s0001_02392_0_0_1_0_0_01.png
263,26.3,s0001,alert,open,data/raw/mrlEyes_2018_01/s0001/s0001_03079_0_1_1_2_0_01.png
264,26.4,s0001,alert,open,data/raw/mrlEyes_2018_01/s0001/s0001_02605_0_1_1_0_0_01.png
265,26.5,s0001,alert,open,data/raw/mrlEyes_2018_01/s0001/s0001_02887_0_1_1_0_1_01.png
266,26.6,s0001,alert,open,data/raw/mrlEyes_2018_01/s0001/s0001_03239_0_1_1_0_0_01.png
267,26.7,s0001,alert,open,data/raw/mrlEyes_2018_01/s0001/s0001_03109_0_1_1_2_0_01.png
268,26.8,s0001,alert,open,data/raw/mrlEyes_2018_01/s0001/s0001_02501_0_0_1_0_0_01.png
269,26.9,s0001,alert,open,data/raw/mrlEyes_2018_01/s0001/s0001_03234_0_1_1_0_0_01.png
270,27.0,s0001,alert,open,data/raw/mrlEyes_2018_01/s0001/s0001_02648_0_1_1_0_0_01.png
271,27.1,s0001,alert,open,data/raw/mrlEyes_2018_01/s0001/s0001_02913_0_1_1_0_0_01.png
272,27.2,s0001,alert,open,data/raw/mrlEyes_2018_01/s0001/s0001_03024_0_1_1_2_0_01.png
273,27.3,s0001,alert,open,data/raw/mrlEyes_2018_01/s0001/s0001_02403_0_0_1_0_0_01.png
274,27.4,s0001,alert,open,data/raw/mrlEyes_2018_01/s0001/s0001_02438_0_0_1_0_0_01.png
275,27.5,s0001,alert,open,data/raw/mrlEyes_2018_01/s0001/s0001_02629_0_1_1_2_0_01.png
276,27.6,s0001,alert,open,data/raw/mrlEyes_2018_01/s0001/s0001_02933_0_1_1_2_0_01.png
277,27.7,s0001,alert,open,data/raw/mrlEyes_2018_01/s0001/s0001_02586_0_1_1_0_0_01.png
278,27.8,s0001,alert,open,data/raw/mrlEyes_2018_01/s0001/s0001_03125_0_1_1_2_0_01.png
279,27.9,s0001,alert,open,data/raw/mrlEyes_2018_01/s0001/s0001_03178_0_1_1_2_0_01.png
280,28.0,s0001,alert,open,data/raw/mrlEyes_2018_01/s0001/s0001_03179_0_1_1_2_0_01.png
281,28.1,s0001,alert,open,data/raw/mrlEyes_2018_01/s0001/s0001_02609_0_1_1_0_0_01.png
282,28.2,s0001,alert,open,data/raw/mrlEyes_2018_01/s0001/s0001_02585_0_1_1_0_0_01.png
283,28.3,s0001,alert,open,data/raw/mrlEyes_2018_01/s0001/s0001_02611_0_1_1_0_0_01.png
284,28.4,s0001,alert,open,data/raw/mrlEyes_2018_01/s0001/s0001_02175_0_0_1_0_0_01.png
285,28.5,s0001,alert,open,data/raw/mrlEyes_2018_01/s0001/s0001_02203_0_0_1_0_0_01.png
286,28.6,s0001,alert,open,data/raw/mrlEyes_2018_01/s0001/s0001_02809_0_1_1_2_0_01.png
287,28.7,s0001,alert,open,data/raw/mrlEyes_2018_01/s0001/s0001_02377_0_0_1_0_0_01.png
288,28.8,s0001,alert,open,data/raw/mrlEyes_2018_01/s0001/s0001_03031_0_1_1_2_0_01.png
289,28.9,s0001,alert,open,data/raw/mrlEyes_2018_01/s0001/s0001_02902_0_1_1_1_0_01.png
290,29.0,s0001,alert,open,data/raw/mrlEyes_2018_01/s0001/s0001_02036_0_0_1_0_0_01.png
291,29.1,s0001,alert,open,data/raw/mrlEyes_2018_01/s0001/s0001_03023_0_1_1_0_0_01.png
292,29.2,s0001,alert,open,data/raw/mrlEyes_2018_01/s0001/s0001_03061_0_1_1_2_0_01.png
293,29.3,s0001,alert,open,data/raw/mrlEyes_2018_01/s0001/s0001_02959_0_1_1_2_0_01.png
294,29.4,s0030,alert,open,data/raw/mrlEyes_2018_01/s0030/s0030_00773_0_0_1_0_1_01.png
295,29.5,s0030,alert,open,data/raw/mrlEyes_2018_01/s0030/s0030_00561_0_0_1_0_1_01.png
296,29.6,s0030,alert,open,data/raw/mrlEyes_2018_01/s0030/s0030_00449_0_0_1_0_1_01.png
297,29.7,s0030,alert,open,data/raw/mrlEyes_2018_01/s0030/s0030_00815_0_0_1_0_0_01.png
298,29.8,s0030,alert,open,data/raw/mrlEyes_2018_01/s0030/s0030_00780_0_0_1_0_1_01.png
299,29.9,s0030,alert,open,data/raw/mrlEyes_2018_01/s0030/s0030_00915_0_0_1_0_0_01.png
300,30.0,s0030,alert,open,data/raw/mrlEyes_2018_01/s0030/s0030_00835_0_0_1_0_0_01.png
301,30.1,s0030,alert,open,data/raw/mrlEyes_2018_01/s0030/s0030_00859_0_0_1_0_0_01.png
302,30.2,s0030,alert,open,data/raw/mrlEyes_2018_01/s0030/s0030_00502_0_0_1_0_1_01.png
303,30.3,s0030,alert,open,data/raw/mrlEyes_2018_01/s0030/s0030_00488_0_0_1_0_1_01.png
304,30.4,s0030,alert,open,data/raw/mrlEyes_2018_01/s0030/s0030_00606_0_0_1_0_1_01.png
305,30.5,s0030,alert,open,data/raw/mrlEyes_2018_01/s0030/s0030_00784_0_0_1_0_0_01.png
306,30.6,s0030,alert,open,data/raw/mrlEyes_2018_01/s0030/s0030_01125_0_0_1_0_1_01.png
307,30.7,s0030,alert,open,data/raw/mrlEyes_2018_01/s0030/s0030_00584_0_0_1_0_0_01.png
308,30.8,s0030,alert,open,data/raw/mrlEyes_2018_01/s0030/s0030_00679_0_0_1_0_0_01.png
309,30.9,s0030,alert,open,data/raw/mrlEyes_2018_01/s0030/s0030_00681_0_0_1_0_0_01.png
310,31.0,s0030,alert,open,data/raw/mrlEyes_2018_01/s0030/s0030_00785_0_0_1_0_1_01.png
311,31.1,s0030,alert,open,data/raw/mrlEyes_2018_01/s0030/s0030_00713_0_0_1_0_1_01.png
312,31.2,s0030,alert,open,data/raw/mrlEyes_2018_01/s0030/s0030_00450_0_0_1_0_1_01.png
313,31.3,s0030,alert,open,data/raw/mrlEyes_2018_01/s0030/s0030_00765_0_0_1_0_1_01.png
314,31.4,s0030,alert,open,data/raw/mrlEyes_2018_01/s0030/s0030_01093_0_0_1_0_1_01.png
315,31.5,s0030,alert,open,data/raw/mrlEyes_2018_01/s0030/s0030_01069_0_0_1_0_1_01.png
316,31.6,s0030,alert,open,data/raw/mrlEyes_2018_01/s0030/s0030_00957_0_0_1_0_1_01.png
317,31.7,s0030,alert,open,data/raw/mrlEyes_2018_01/s0030/s0030_00828_0_0_1_0_1_01.png
318,31.8,s0030,alert,open,data/raw/mrlEyes_2018_01/s0030/s0030_01300_0_0_1_0_1_01.png
319,31.9,s0030,alert,open,data/raw/mrlEyes_2018_01/s0030/s0030_01163_0_0_1_0_1_01.png
320,32.0,s0030,alert,open,data/raw/mrlEyes_2018_01/s0030/s0030_01002_0_0_1_0_1_01.png
321,32.1,s0030,alert,open,data/raw/mrlEyes_2018_01/s0030/s0030_00856_0_0_1_0_0_01.png
322,32.2,s0030,alert,open,data/raw/mrlEyes_2018_01/s0030/s0030_00632_0_0_1_0_1_01.png
323,32.3,s0030,alert,open,data/raw/mrlEyes_2018_01/s0030/s0030_00912_0_0_1_0_1_01.png
324,32.4,s0030,alert,open,data/raw/mrlEyes_2018_01/s0030/s0030_00571_0_0_1_0_1_01.png
325,32.5,s0030,alert,open,data/raw/mrlEyes_2018_01/s0030/s0030_01152_0_0_1_0_1_01.png
326,32.6,s0030,alert,open,data/raw/mrlEyes_2018_01/s0030/s0030_01144_0_0_1_0_0_01.png
327,32.7,s0030,alert,open,data/raw/mrlEyes_2018_01/s0030/s0030_00368_0_0_1_0_1_01.png
328,32.8,s0030,alert,open,data/raw/mrlEyes_2018_01/s0030/s0030_00967_0_0_1_0_1_01.png
329,32.9,s0030,alert,open,data/raw/mrlEyes_2018_01/s0030/s0030_00621_0_0_1_0_1_01.png
330,33.0,s0030,alert,open,data/raw/mrlEyes_2018_01/s0030/s0030_00645_0_0_1_0_1_01.png
331,33.1,s0030,alert,open,data/raw/mrlEyes_2018_01/s0030/s0030_01195_0_0_1_0_1_01.png
332,33.2,s0030,alert,open,data/raw/mrlEyes_2018_01/s0030/s0030_00868_0_0_1_0_0_01.png
333,33.3,s0030,alert,open,data/raw/mrlEyes_2018_01/s0030/s0030_01174_0_0_1_0_0_01.png
334,33.4,s0030,alert,open,data/raw/mrlEyes_2018_01/s0030/s0030_00402_0_0_1_0_0_01.png
335,33.5,s0030,alert,open,data/raw/mrlEyes_2018_01/s0030/s0030_00748_0_0_1_0_0_01.png
336,33.6,s0030,alert,open,data/raw/mrlEyes_2018_01/s0030/s0030_01358_0_0_1_0_0_01.png
337,33.7,s0030,alert,open,data/raw/mrlEyes_2018_01/s0030/s0030_00479_0_0_1_0_1_01.png
338,33.8,s0030,alert,open,data/raw/mrlEyes_2018_01/s0030/s0030_01305_0_0_1_0_1_01.png
339,33.9,s0030,alert,open,data/raw/mrlEyes_2018_01/s0030/s0030_01082_0_0_1_0_1_01.png
340,34.0,s0030,alert,open,data/raw/mrlEyes_2018_01/s0030/s0030_00998_0_0_1_0_1_01.png
341,34.1,s0030,alert,open,data/raw/mrlEyes_2018_01/s0030/s0030_00363_0_0_1_0_1_01.png
342,34.2,s0030,alert,open,data/raw/mrlEyes_2018_01/s0030/s0030_00403_0_0_1_0_1_01.png
343,34.3,s0030,alert,open,data/raw/mrlEyes_2018_01/s0030/s0030_00500_0_0_1_0_1_01.png
344,34.4,s0030,blink,closed,data/raw/mrlEyes_2018_01/s0030/s0030_00315_0_0_0_0_1_01.png
345,34.5,s0030,blink,closed,data/raw/mrlEyes_2018_01/s0030/s0030_00099_0_0_0_0_1_01.png
346,34.6,s0030,alert,open,data/raw/mrlEyes_2018_01/s0030/s0030_01210_0_0_1_0_1_01.png
347,34.7,s0030,alert,open,data/raw/mrlEyes_2018_01/s0030/s0030_00809_0_0_1_0_0_01.png
348,34.8,s0030,alert,open,data/raw/mrlEyes_2018_01/s0030/s0030_01304_0_0_1_0_1_01.png
349,34.9,s0030,alert,open,data/raw/mrlEyes_2018_01/s0030/s0030_00719_0_0_1_0_0_01.png
350,35.0,s0030,alert,open,data/raw/mrlEyes_2018_01/s0030/s0030_00347_0_0_1_0_1_01.png
351,35.1,s0030,alert,open,data/raw/mrlEyes_2018_01/s0030/s0030_00888_0_0_1_0_1_01.png
352,35.2,s0030,alert,open,data/raw/mrlEyes_2018_01/s0030/s0030_00884_0_0_1_0_0_01.png
353,35.3,s0030,alert,open,data/raw/mrlEyes_2018_01/s0030/s0030_00399_0_0_1_0_0_01.png
354,35.4,s0030,alert,open,data/raw/mrlEyes_2018_01/s0030/s0030_01161_0_0_1_0_1_01.png
355,35.5,s0030,alert,open,data/raw/mrlEyes_2018_01/s0030/s0030_00411_0_0_1_0_0_01.png
356,35.6,s0030,alert,open,data/raw/mrlEyes_2018_01/s0030/s0030_00857_0_0_1_0_0_01.png
357,35.7,s0030,alert,open,data/raw/mrlEyes_2018_01/s0030/s0030_01041_0_0_1_0_0_01.png
358,35.8,s0030,alert,open,data/raw/mrlEyes_2018_01/s0030/s0030_01108_0_0_1_0_0_01.png
359,35.9,s0030,alert,open,data/raw/mrlEyes_2018_01/s0030/s0030_00625_0_0_1_0_1_01.png
360,36.0,s0030,alert,open,data/raw/mrlEyes_2018_01/s0030/s0030_00566_0_0_1_0_0_01.png
361,36.1,s0030,alert,open,data/raw/mrlEyes_2018_01/s0030/s0030_00967_0_0_1_0_1_01.png
362,36.2,s0030,alert,open,data/raw/mrlEyes_2018_01/s0030/s0030_01183_0_0_1_0_1_01.png
363,36.3,s0030,alert,open,data/raw/mrlEyes_2018_01/s0030/s0030_00635_0_0_1_0_1_01.png
364,36.4,s0030,alert,open,data/raw/mrlEyes_2018_01/s0030/s0030_01286_0_0_1_0_1_01.png
365,36.5,s0030,alert,open,data/raw/mrlEyes_2018_01/s0030/s0030_00412_0_0_1_0_1_01.png
366,36.6,s0030,alert,open,data/raw/mrlEyes_2018_01/s0030/s0030_01018_0_0_1_0_1_01.png
367,36.7,s0030,alert,open,data/raw/mrlEyes_2018_01/s0030/s0030_01110_0_0_1_0_0_01.png
368,36.8,s0030,alert,open,data/raw/mrlEyes_2018_01/s0030/s0030_00975_0_0_1_0_1_01.png
369,36.9,s0030,alert,open,data/raw/mrlEyes_2018_01/s0030/s0030_01175_0_0_1_0_0_01.png
370,37.0,s0030,alert,open,data/raw/mrlEyes_2018_01/s0030/s0030_00650_0_0_1_0_1_01.png
371,37.1,s0030,alert,open,data/raw/mrlEyes_2018_01/s0030/s0030_00581_0_0_1_0_0_01.png
372,37.2,s0030,alert,open,data/raw/mrlEyes_2018_01/s0030/s0030_01116_0_0_1_0_1_01.png
373,37.3,s0030,alert,open,data/raw/mrlEyes_2018_01/s0030/s0030_01138_0_0_1_0_1_01.png
374,37.4,s0030,alert,open,data/raw/mrlEyes_2018_01/s0030/s0030_01217_0_0_1_0_0_01.png
375,37.5,s0030,alert,open,data/raw/mrlEyes_2018_01/s0030/s0030_01374_0_0_1_0_1_01.png
376,37.6,s0030,blink,closed,data/raw/mrlEyes_2018_01/s0030/s0030_00131_0_0_0_0_1_01.png
377,37.7,s0030,blink,closed,data/raw/mrlEyes_2018_01/s0030/s0030_00190_0_0_0_0_1_01.png
378,37.8,s0030,alert,open,data/raw/mrlEyes_2018_01/s0030/s0030_00451_0_0_1_0_1_01.png
379,37.9,s0030,alert,open,data/raw/mrlEyes_2018_01/s0030/s0030_01203_0_0_1_0_0_01.png
380,38.0,s0030,alert,open,data/raw/mrlEyes_2018_01/s0030/s0030_01326_0_0_1_0_1_01.png
381,38.1,s0030,alert,open,data/raw/mrlEyes_2018_01/s0030/s0030_01057_0_0_1_0_0_01.png
382,38.2,s0030,alert,open,data/raw/mrlEyes_2018_01/s0030/s0030_00537_0_0_1_0_1_01.png
383,38.3,s0030,alert,open,data/raw/mrlEyes_2018_01/s0030/s0030_01311_0_0_1_0_0_01.png
384,38.4,s0030,alert,open,data/raw/mrlEyes_2018_01/s0030/s0030_00601_0_0_1_0_1_01.png
385,38.5,s0030,alert,open,data/raw/mrlEyes_2018_01/s0030/s0030_01233_0_0_1_0_0_01.png
386,38.6,s0030,alert,open,data/raw/mrlEyes_2018_01/s0030/s0030_01308_0_0_1_0_1_01.png
387,38.7,s0030,alert,open,data/raw/mrlEyes_2018_01/s0030/s0030_00923_0_0_1_0_0_01.png
388,38.8,s0030,alert,open,data/raw/mrlEyes_2018_01/s0030/s0030_00774_0_0_1_0_1_01.png
389,38.9,s0030,alert,open,data/raw/mrlEyes_2018_01/s0030/s0030_00578_0_0_1_0_1_01.png
390,39.0,s0030,alert,open,data/raw/mrlEyes_2018_01/s0030/s0030_01112_0_0_1_0_1_01.png
391,39.1,s0030,alert,open,data/raw/mrlEyes_2018_01/s0030/s0030_01320_0_0_1_0_1_01.png
392,39.2,s0030,alert,open,data/raw/mrlEyes_2018_01/s0030/s0030_01200_0_0_1_0_0_01.png
393,39.3,s0030,alert,open,data/raw/mrlEyes_2018_01/s0030/s0030_00846_0_0_1_0_0_01.png
394,39.4,s0030,alert,open,data/raw/mrlEyes_2018_01/s0030/s0030_01083_0_0_1_0_1_01.png
395,39.5,s0030,alert,open,data/raw/mrlEyes_2018_01/s0030/s0030_01170_0_0_1_0_0_01.png
396,39.6,s0030,alert,open,data/raw/mrlEyes_2018_01/s0030/s0030_00972_0_0_1_0_1_01.png
397,39.7,s0030,alert,open,data/raw/mrlEyes_2018_01/s0030/s0030_00860_0_0_1_0_0_01.png
398,39.8,s0030,blink,closed,data/raw/mrlEyes_2018_01/s0030/s0030_00076_0_0_0_0_1_01.png
399,39.9,s0030,blink,closed,data/raw/mrlEyes_2018_01/s0030/s0030_00278_0_0_0_0_1_01.png
400,40.0,s0030,blink,closed,data/raw/mrlEyes_2018_01/s0030/s0030_00220_0_0_0_0_1_01.png
401,40.1,s0030,alert,open,data/raw/mrlEyes_2018_01/s0030/s0030_00387_0_0_1_0_0_01.png
402,40.2,s0030,alert,open,data/raw/mrlEyes_2018_01/s0030/s0030_00723_0_0_1_0_0_01.png
403,40.3,s0030,alert,open,data/raw/mrlEyes_2018_01/s0030/s0030_00975_0_0_1_0_1_01.png
404,40.4,s0030,alert,open,data/raw/mrlEyes_2018_01/s0030/s0030_00645_0_0_1_0_1_01.png
405,40.5,s0030,alert,open,data/raw/mrlEyes_2018_01/s0030/s0030_01232_0_0_1_0_0_01.png
406,40.6,s0030,alert,open,data/raw/mrlEyes_2018_01/s0030/s0030_00762_0_0_1_0_1_01.png
407,40.7,s0030,alert,open,data/raw/mrlEyes_2018_01/s0030/s0030_00952_0_0_1_0_1_01.png
408,40.8,s0030,alert,open,data/raw/mrlEyes_2018_01/s0030/s0030_00582_0_0_1_0_0_01.png
409,40.9,s0030,alert,open,data/raw/mrlEyes_2018_01/s0030/s0030_01096_0_0_1_0_0_01.png
410,41.0,s0030,alert,open,data/raw/mrlEyes_2018_01/s0030/s0030_01231_0_0_1_0_0_01.png
411,41.1,s0030,alert,open,data/raw/mrlEyes_2018_01/s0030/s0030_01032_0_0_1_0_0_01.png
412,41.2,s0030,alert,open,data/raw/mrlEyes_2018_01/s0030/s0030_00531_0_0_1_0_1_01.png
413,41.3,s0030,alert,open,data/raw/mrlEyes_2018_01/s0030/s0030_01084_0_0_1_0_1_01.png
414,41.4,s0030,alert,open,data/raw/mrlEyes_2018_01/s0030/s0030_01136_0_0_1_0_1_01.png
415,41.5,s0030,alert,open,data/raw/mrlEyes_2018_01/s0030/s0030_01162_0_0_1_0_1_01.png
416,41.6,s0030,alert,open,data/raw/mrlEyes_2018_01/s0030/s0030_01265_0_0_1_0_1_01.png
417,41.7,s0030,alert,open,data/raw/mrlEyes_2018_01/s0030/s0030_00967_0_0_1_0_1_01.png
418,41.8,s0030,alert,open,data/raw/mrlEyes_2018_01/s0030/s0030_00528_0_0_1_0_1_01.png
419,41.9,s0030,alert,open,data/raw/mrlEyes_2018_01/s0030/s0030_00361_0_0_1_0_1_01.png
420,42.0,s0030,alert,open,data/raw/mrlEyes_2018_01/s0030/s0030_00663_0_0_1_0_1_01.png
421,42.1,s0030,alert,open,data/raw/mrlEyes_2018_01/s0030/s0030_00383_0_0_1_0_1_01.png
422,42.2,s0030,alert,open,data/raw/mrlEyes_2018_01/s0030/s0030_00794_0_0_1_0_0_01.png
423,42.3,s0030,alert,open,data/raw/mrlEyes_2018_01/s0030/s0030_00405_0_0_1_0_1_01.png
424,42.4,s0030,alert,open,data/raw/mrlEyes_2018_01/s0030/s0030_01182_0_0_1_0_1_01.png
425,42.5,s0030,alert,open,data/raw/mrlEyes_2018_01/s0030/s0030_00444_0_0_1_0_1_01.png
426,42.6,s0030,alert,open,data/raw/mrlEyes_2018_01/s0030/s0030_01382_0_0_1_0_1_01.png
427,42.7,s0030,alert,open,data/raw/mrlEyes_2018_01/s0030/s0030_00505_0_0_1_0_1_01.png
428,42.8,s0030,alert,open,data/raw/mrlEyes_2018_01/s0030/s0030_00938_0_0_1_0_0_01.png
429,42.9,s0030,alert,open,data/raw/mrlEyes_2018_01/s0030/s0030_00658_0_0_1_0_0_01.png
430,43.0,s0030,alert,open,data/raw/mrlEyes_2018_01/s0030/s0030_00717_0_0_1_0_0_01.png
431,43.1,s0030,alert,open,data/raw/mrlEyes_2018_01/s0030/s0030_00385_0_0_1_0_1_01.png
432,43.2,s0030,alert,open,data/raw/mrlEyes_2018_01/s0030/s0030_01356_0_0_1_0_0_01.png
433,43.3,s0030,alert,open,data/raw/mrlEyes_2018_01/s0030/s0030_00845_0_0_1_0_0_01.png
434,43.4,s0030,alert,open,data/raw/mrlEyes_2018_01/s0030/s0030_01269_0_0_1_0_0_01.png
435,43.5,s0030,alert,open,data/raw/mrlEyes_2018_01/s0030/s0030_01035_0_0_1_0_0_01.png
436,43.6,s0030,alert,open,data/raw/mrlEyes_2018_01/s0030/s0030_00441_0_0_1_0_1_01.png
437,43.7,s0030,alert,open,data/raw/mrlEyes_2018_01/s0030/s0030_00476_0_0_1_0_1_01.png
438,43.8,s0030,alert,open,data/raw/mrlEyes_2018_01/s0030/s0030_01123_0_0_1_0_0_01.png
439,43.9,s0030,alert,open,data/raw/mrlEyes_2018_01/s0030/s0030_00435_0_0_1_0_1_01.png
440,44.0,s0030,alert,open,data/raw/mrlEyes_2018_01/s0030/s0030_00783_0_0_1_0_1_01.png
441,44.1,s0030,microsleep,closed,data/raw/mrlEyes_2018_01/s0030/s0030_00265_0_0_0_0_0_01.png
442,44.2,s0030,microsleep,closed,data/raw/mrlEyes_2018_01/s0030/s0030_00317_0_0_0_0_1_01.png
443,44.3,s0030,microsleep,closed,data/raw/mrlEyes_2018_01/s0030/s0030_00065_0_0_0_0_1_01.png
444,44.4,s0030,microsleep,closed,data/raw/mrlEyes_2018_01/s0030/s0030_00020_0_0_0_0_1_01.png
445,44.5,s0030,microsleep,closed,data/raw/mrlEyes_2018_01/s0030/s0030_00213_0_0_0_0_1_01.png
446,44.6,s0030,microsleep,closed,data/raw/mrlEyes_2018_01/s0030/s0030_00325_0_0_0_0_1_01.png
447,44.7,s0030,microsleep,closed,data/raw/mrlEyes_2018_01/s0030/s0030_00266_0_0_0_0_1_01.png
448,44.8,s0030,microsleep,closed,data/raw/mrlEyes_2018_01/s0030/s0030_00162_0_0_0_0_1_01.png
449,44.9,s0030,microsleep,closed,data/raw/mrlEyes_2018_01/s0030/s0030_00001_0_0_0_0_1_01.png
450,45.0,s0030,microsleep,closed,data/raw/mrlEyes_2018_01/s0030/s0030_00005_0_0_0_0_1_01.png
451,45.1,s0030,microsleep,closed,data/raw/mrlEyes_2018_01/s0030/s0030_00079_0_0_0_0_1_01.png
452,45.2,s0030,microsleep,closed,data/raw/mrlEyes_2018_01/s0030/s0030_00147_0_0_0_0_1_01.png
453,45.3,s0030,microsleep,closed,data/raw/mrlEyes_2018_01/s0030/s0030_00063_0_0_0_0_1_01.png
454,45.4,s0030,microsleep,closed,data/raw/mrlEyes_2018_01/s0030/s0030_00226_0_0_0_0_1_01.png
455,45.5,s0030,microsleep,closed,data/raw/mrlEyes_2018_01/s0030/s0030_00087_0_0_0_0_1_01.png
456,45.6,s0030,microsleep,closed,data/raw/mrlEyes_2018_01/s0030/s0030_00038_0_0_0_0_0_01.png
457,45.7,s0030,microsleep,closed,data/raw/mrlEyes_2018_01/s0030/s0030_00098_0_0_0_0_1_01.png
458,45.8,s0030,microsleep,closed,data/raw/mrlEyes_2018_01/s0030/s0030_00281_0_0_0_0_1_01.png
459,45.9,s0030,microsleep,closed,data/raw/mrlEyes_2018_01/s0030/s0030_00254_0_0_0_0_0_01.png
460,46.0,s0030,microsleep,closed,data/raw/mrlEyes_2018_01/s0030/s0030_00278_0_0_0_0_1_01.png
461,46.1,s0030,microsleep,closed,data/raw/mrlEyes_2018_01/s0030/s0030_00324_0_0_0_0_1_01.png
462,46.2,s0030,microsleep,closed,data/raw/mrlEyes_2018_01/s0030/s0030_00103_0_0_0_0_1_01.png
463,46.3,s0030,microsleep,closed,data/raw/mrlEyes_2018_01/s0030/s0030_00245_0_0_0_0_1_01.png
464,46.4,s0030,microsleep,closed,data/raw/mrlEyes_2018_01/s0030/s0030_00231_0_0_0_0_0_01.png
465,46.5,s0030,microsleep,closed,data/raw/mrlEyes_2018_01/s0030/s0030_00191_0_0_0_0_0_01.png
466,46.6,s0030,alert,open,data/raw/mrlEyes_2018_01/s0030/s0030_00698_0_0_1_0_1_01.png
467,46.7,s0030,alert,open,data/raw/mrlEyes_2018_01/s0030/s0030_01283_0_0_1_0_1_01.png
468,46.8,s0030,alert,open,data/raw/mrlEyes_2018_01/s0030/s0030_01350_0_0_1_0_0_01.png
469,46.9,s0030,alert,open,data/raw/mrlEyes_2018_01/s0030/s0030_00395_0_0_1_0_0_01.png
470,47.0,s0030,alert,open,data/raw/mrlEyes_2018_01/s0030/s0030_00333_0_0_1_0_1_01.png
471,47.1,s0030,alert,open,data/raw/mrlEyes_2018_01/s0030/s0030_00801_0_0_1_0_1_01.png
472,47.2,s0030,alert,open,data/raw/mrlEyes_2018_01/s0030/s0030_01248_0_0_1_0_1_01.png
473,47.3,s0030,alert,open,data/raw/mrlEyes_2018_01/s0030/s0030_00602_0_0_1_0_1_01.png
474,47.4,s0030,alert,open,data/raw/mrlEyes_2018_01/s0030/s0030_00342_0_0_1_0_1_01.png
475,47.5,s0030,alert,open,data/raw/mrlEyes_2018_01/s0030/s0030_00842_0_0_1_0_0_01.png
476,47.6,s0030,alert,open,data/raw/mrlEyes_2018_01/s0030/s0030_00877_0_0_1_0_1_01.png
477,47.7,s0030,alert,open,data/raw/mrlEyes_2018_01/s0030/s0030_01122_0_0_1_0_1_01.png
478,47.8,s0030,alert,open,data/raw/mrlEyes_2018_01/s0030/s0030_01208_0_0_1_0_0_01.png
479,47.9,s0030,alert,open,data/raw/mrlEyes_2018_01/s0030/s0030_00916_0_0_1_0_0_01.png
480,48.0,s0030,alert,open,data/raw/mrlEyes_2018_01/s0030/s0030_01276_0_0_1_0_1_01.png
481,48.1,s0030,alert,open,data/raw/mrlEyes_2018_01/s0030/s0030_00362_0_0_1_0_0_01.png
482,48.2,s0030,alert,open,data/raw/mrlEyes_2018_01/s0030/s0030_00594_0_0_1_0_1_01.png
483,48.3,s0030,alert,open,data/raw/mrlEyes_2018_01/s0030/s0030_01289_0_0_1_0_1_01.png
484,48.4,s0030,alert,open,data/raw/mrlEyes_2018_01/s0030/s0030_00522_0_0_1_0_1_01.png
485,48.5,s0030,alert,open,data/raw/mrlEyes_2018_01/s0030/s0030_00959_0_0_1_0_1_01.png
486,48.6,s0030,alert,open,data/raw/mrlEyes_2018_01/s0030/s0030_01290_0_0_1_0_1_01.png
487,48.7,s0030,alert,open,data/raw/mrlEyes_2018_01/s0030/s0030_00748_0_0_1_0_0_01.png
488,48.8,s0030,alert,open,data/raw/mrlEyes_2018_01/s0030/s0030_01058_0_0_1_0_0_01.png
489,48.9,s0030,alert,open,data/raw/mrlEyes_2018_01/s0030/s0030_01318_0_0_1_0_1_01.png
490,49.0,s0030,alert,open,data/raw/mrlEyes_2018_01/s0030/s0030_00604_0_0_1_0_1_01.png
491,49.1,s0030,alert,open,data/raw/mrlEyes_2018_01/s0030/s0030_01072_0_0_1_0_1_01.png
492,49.2,s0030,alert,open,data/raw/mrlEyes_2018_01/s0030/s0030_01097_0_0_1_0_0_01.png
493,49.3,s0030,alert,open,data/raw/mrlEyes_2018_01/s0030/s0030_01260_0_0_1_0_1_01.png
494,49.4,s0030,alert,open,data/raw/mrlEyes_2018_01/s0030/s0030_01252_0_0_1_0_1_01.png
495,49.5,s0030,alert,open,data/raw/mrlEyes_2018_01/s0030/s0030_00351_0_0_1_0_0_01.png
496,49.6,s0030,blink,closed,data/raw/mrlEyes_2018_01/s0030/s0030_00199_0_0_0_0_1_01.png
497,49.7,s0030,blink,closed,data/raw/mrlEyes_2018_01/s0030/s0030_00307_0_0_0_0_1_01.png
498,49.8,s0030,alert,open,data/raw/mrlEyes_2018_01/s0030/s0030_00604_0_0_1_0_1_01.png
499,49.9,s0030,alert,open,data/raw/mrlEyes_2018_01/s0030/s0030_00930_0_0_1_0_1_01.png
500,50.0,s0030,alert,open,data/raw/mrlEyes_2018_01/s0030/s0030_01118_0_0_1_0_0_01.png
501,50.1,s0030,alert,open,data/raw/mrlEyes_2018_01/s0030/s0030_01073_0_0_1_0_0_01.png
502,50.2,s0030,alert,open,data/raw/mrlEyes_2018_01/s0030/s0030_01212_0_0_1_0_0_01.png
503,50.3,s0030,alert,open,data/raw/mrlEyes_2018_01/s0030/s0030_00468_0_0_1_0_1_01.png
504,50.4,s0030,alert,open,data/raw/mrlEyes_2018_01/s0030/s0030_00932_0_0_1_0_0_01.png
505,50.5,s0030,alert,open,data/raw/mrlEyes_2018_01/s0030/s0030_01350_0_0_1_0_0_01.png
506,50.6,s0030,alert,open,data/raw/mrlEyes_2018_01/s0030/s0030_00866_0_0_1_0_1_01.png
507,50.7,s0030,alert,open,data/raw/mrlEyes_2018_01/s0030/s0030_01340_0_0_1_0_1_01.png
508,50.8,s0030,alert,open,data/raw/mrlEyes_2018_01/s0030/s0030_00670_0_0_1_0_0_01.png
509,50.9,s0030,alert,open,data/raw/mrlEyes_2018_01/s0030/s0030_00746_0_0_1_0_0_01.png
510,51.0,s0030,alert,open,data/raw/mrlEyes_2018_01/s0030/s0030_00896_0_0_1_0_0_01.png
511,51.1,s0030,alert,open,data/raw/mrlEyes_2018_01/s0030/s0030_00502_0_0_1_0_1_01.png
512,51.2,s0030,alert,open,data/raw/mrlEyes_2018_01/s0030/s0030_01050_0_0_1_0_0_01.png
513,51.3,s0030,alert,open,data/raw/mrlEyes_2018_01/s0030/s0030_01055_0_0_1_0_0_01.png
514,51.4,s0030,alert,open,data/raw/mrlEyes_2018_01/s0030/s0030_01222_0_0_1_0_0_01.png
515,51.5,s0030,alert,open,data/raw/mrlEyes_2018_01/s0030/s0030_00463_0_0_1_0_1_01.png
516,51.6,s0030,alert,open,data/raw/mrlEyes_2018_01/s0030/s0030_01298_0_0_1_0_1_01.png
517,51.7,s0030,alert,open,data/raw/mrlEyes_2018_01/s0030/s0030_00951_0_0_1_0_1_01.png
518,51.8,s0030,microsleep,closed,data/raw/mrlEyes_2018_01/s0030/s0030_00220_0_0_0_0_1_01.png
519,51.9,s0030,microsleep,closed,data/raw/mrlEyes_2018_01/s0030/s0030_00129_0_0_0_0_0_01.png
520,52.0,s0030,microsleep,closed,data/raw/mrlEyes_2018_01/s0030/s0030_00182_0_0_0_0_1_01.png
521,52.1,s0030,microsleep,closed,data/raw/mrlEyes_2018_01/s0030/s0030_00158_0_0_0_0_1_01.png
522,52.2,s0030,microsleep,closed,data/raw/mrlEyes_2018_01/s0030/s0030_00005_0_0_0_0_1_01.png
523,52.3,s0030,microsleep,closed,data/raw/mrlEyes_2018_01/s0030/s0030_00068_0_0_0_0_1_01.png
524,52.4,s0030,microsleep,closed,data/raw/mrlEyes_2018_01/s0030/s0030_00184_0_0_0_0_1_01.png
525,52.5,s0030,microsleep,closed,data/raw/mrlEyes_2018_01/s0030/s0030_00205_0_0_0_0_1_01.png
526,52.6,s0030,microsleep,closed,data/raw/mrlEyes_2018_01/s0030/s0030_00246_0_0_0_0_1_01.png
527,52.7,s0030,microsleep,closed,data/raw/mrlEyes_2018_01/s0030/s0030_00012_0_0_0_0_0_01.png
528,52.8,s0030,microsleep,closed,data/raw/mrlEyes_2018_01/s0030/s0030_00185_0_0_0_0_0_01.png
529,52.9,s0030,microsleep,closed,data/raw/mrlEyes_2018_01/s0030/s0030_00081_0_0_0_0_1_01.png
530,53.0,s0030,microsleep,closed,data/raw/mrlEyes_2018_01/s0030/s0030_00104_0_0_0_0_1_01.png
531,53.1,s0030,microsleep,closed,data/raw/mrlEyes_2018_01/s0030/s0030_00061_0_0_0_0_1_01.png
532,53.2,s0030,microsleep,closed,data/raw/mrlEyes_2018_01/s0030/s0030_00095_0_0_0_0_1_01.png
533,53.3,s0030,microsleep,closed,data/raw/mrlEyes_2018_01/s0030/s0030_00041_0_0_0_0_1_01.png
534,53.4,s0030,microsleep,closed,data/raw/mrlEyes_2018_01/s0030/s0030_00325_0_0_0_0_1_01.png
535,53.5,s0030,microsleep,closed,data/raw/mrlEyes_2018_01/s0030/s0030_00204_0_0_0_0_1_01.png
536,53.6,s0030,microsleep,closed,data/raw/mrlEyes_2018_01/s0030/s0030_00139_0_0_0_0_0_01.png
537,53.7,s0030,microsleep,closed,data/raw/mrlEyes_2018_01/s0030/s0030_00106_0_0_0_0_0_01.png
538,53.8,s0030,microsleep,closed,data/raw/mrlEyes_2018_01/s0030/s0030_00262_0_0_0_0_1_01.png
539,53.9,s0030,microsleep,closed,data/raw/mrlEyes_2018_01/s0030/s0030_00018_0_0_0_0_1_01.png
540,54.0,s0030,microsleep,closed,data/raw/mrlEyes_2018_01/s0030/s0030_00008_0_0_0_0_0_01.png
541,54.1,s0030,microsleep,closed,data/raw/mrlEyes_2018_01/s0030/s0030_00242_0_0_0_0_1_01.png
542,54.2,s0030,microsleep,closed,data/raw/mrlEyes_2018_01/s0030/s0030_00143_0_0_0_0_0_01.png
543,54.3,s0030,microsleep,closed,data/raw/mrlEyes_2018_01/s0030/s0030_00244_0_0_0_0_1_01.png
544,54.4,s0030,microsleep,closed,data/raw/mrlEyes_2018_01/s0030/s0030_00206_0_0_0_0_1_01.png
545,54.5,s0030,microsleep,closed,data/raw/mrlEyes_2018_01/s0030/s0030_00243_0_0_0_0_1_01.png
546,54.6,s0030,microsleep,closed,data/raw/mrlEyes_2018_01/s0030/s0030_00229_0_0_0_0_0_01.png
547,54.7,s0030,microsleep,closed,data/raw/mrlEyes_2018_01/s0030/s0030_00177_0_0_0_0_0_01.png
548,54.8,s0030,alert,open,data/raw/mrlEyes_2018_01/s0030/s0030_00629_0_0_1_0_1_01.png
549,54.9,s0030,alert,open,data/raw/mrlEyes_2018_01/s0030/s0030_01187_0_0_1_0_0_01.png
550,55.0,s0030,alert,open,data/raw/mrlEyes_2018_01/s0030/s0030_00667_0_0_1_0_1_01.png
551,55.1,s0030,alert,open,data/raw/mrlEyes_2018_01/s0030/s0030_01023_0_0_1_0_1_01.png
552,55.2,s0030,alert,open,data/raw/mrlEyes_2018_01/s0030/s0030_00737_0_0_1_0_0_01.png
553,55.3,s0030,alert,open,data/raw/mrlEyes_2018_01/s0030/s0030_00643_0_0_1_0_1_01.png
554,55.4,s0030,alert,open,data/raw/mrlEyes_2018_01/s0030/s0030_01153_0_0_1_0_1_01.png
555,55.5,s0030,alert,open,data/raw/mrlEyes_2018_01/s0030/s0030_01004_0_0_1_0_0_01.png
556,55.6,s0030,alert,open,data/raw/mrlEyes_2018_01/s0030/s0030_00444_0_0_1_0_1_01.png
557,55.7,s0030,alert,open,data/raw/mrlEyes_2018_01/s0030/s0030_01380_0_0_1_0_1_01.png
558,55.8,s0030,alert,open,data/raw/mrlEyes_2018_01/s0030/s0030_00866_0_0_1_0_1_01.png
559,55.9,s0030,alert,open,data/raw/mrlEyes_2018_01/s0030/s0030_00715_0_0_1_0_1_01.png
560,56.0,s0030,alert,open,data/raw/mrlEyes_2018_01/s0030/s0030_01331_0_0_1_0_1_01.png
561,56.1,s0030,alert,open,data/raw/mrlEyes_2018_01/s0030/s0030_01384_0_0_1_0_0_01.png
562,56.2,s0030,alert,open,data/raw/mrlEyes_2018_01/s0030/s0030_01125_0_0_1_0_1_01.png
563,56.3,s0030,alert,open,data/raw/mrlEyes_2018_01/s0030/s0030_01245_0_0_1_0_1_01.png
564,56.4,s0030,alert,open,data/raw/mrlEyes_2018_01/s0030/s0030_00965_0_0_1_1_1_01.png
565,56.5,s0030,alert,open,data/raw/mrlEyes_2018_01/s0030/s0030_00433_0_0_1_0_1_01.png
566,56.6,s0030,alert,open,data/raw/mrlEyes_2018_01/s0030/s0030_00956_0_0_1_0_1_01.png
567,56.7,s0030,alert,open,data/raw/mrlEyes_2018_01/s0030/s0030_01347_0_0_1_0_1_01.png
568,56.8,s0030,alert,open,data/raw/mrlEyes_2018_01/s0030/s0030_01292_0_0_1_0_1_01.png
569,56.9,s0030,alert,open,data/raw/mrlEyes_2018_01/s0030/s0030_00556_0_0_1_0_1_01.png
570,57.0,s0030,alert,open,data/raw/mrlEyes_2018_01/s0030/s0030_00721_0_0_1_0_0_01.png
571,57.1,s0030,alert,open,data/raw/mrlEyes_2018_01/s0030/s0030_00739_0_0_1_0_0_01.png
572,57.2,s0030,alert,open,data/raw/mrlEyes_2018_01/s0030/s0030_01256_0_0_1_0_1_01.png
573,57.3,s0030,alert,open,data/raw/mrlEyes_2018_01/s0030/s0030_01033_0_0_1_0_0_01.png
574,57.4,s0030,alert,open,data/raw/mrlEyes_2018_01/s0030/s0030_00580_0_0_1_0_1_01.png
575,57.5,s0030,alert,open,data/raw/mrlEyes_2018_01/s0030/s0030_01088_0_0_1_0_1_01.png
576,57.6,s0030,alert,open,data/raw/mrlEyes_2018_01/s0030/s0030_01287_0_0_1_0_1_01.png
577,57.7,s0030,alert,open,data/raw/mrlEyes_2018_01/s0030/s0030_00464_0_0_1_0_1_01.png
578,57.8,s0030,alert,open,data/raw/mrlEyes_2018_01/s0030/s0030_00441_0_0_1_0_1_01.png
579,57.9,s0030,alert,open,data/raw/mrlEyes_2018_01/s0030/s0030_01210_0_0_1_0_1_01.png
580,58.0,s0030,alert,open,data/raw/mrlEyes_2018_01/s0030/s0030_01299_0_0_1_0_1_01.png
581,58.1,s0030,alert,open,data/raw/mrlEyes_2018_01/s0030/s0030_01132_0_0_1_0_1_01.png
582,58.2,s0030,alert,open,data/raw/mrlEyes_2018_01/s0030/s0030_00359_0_0_1_0_0_01.png
583,58.3,s0030,alert,open,data/raw/mrlEyes_2018_01/s0030/s0030_00743_0_0_1_0_0_01.png
584,58.4,s0030,alert,open,data/raw/mrlEyes_2018_01/s0030/s0030_00469_0_0_1_0_1_01.png
585,58.5,s0030,alert,open,data/raw/mrlEyes_2018_01/s0030/s0030_01309_0_0_1_0_1_01.png
586,58.6,s0030,alert,open,data/raw/mrlEyes_2018_01/s0030/s0030_00838_0_0_1_0_0_01.png
587,58.7,s0030,alert,open,data/raw/mrlEyes_2018_01/s0030/s0030_01104_0_0_1_0_0_01.png
